{"newBackend": false, "indexUpdatedAt": 1536166127, "columns": [{"dataTypeName": "number", "description": "", "tableColumnId": 35872265, "name": "Activity Period", "width": 280, "fieldName": "activity_period", "position": 1, "id": 373703288, "renderTypeName": "number", "format": {"noCommas": "true", "align": "right", "precisionStyle": "standard"}, "cachedContents": {"largest": "201806", "top": [{"item": "201503", "count": 20}, {"item": "201504", "count": 19}, {"item": "201505", "count": 18}, {"item": "201506", "count": 17}, {"item": "201507", "count": 16}, {"item": "201508", "count": 15}, {"item": "201509", "count": 14}, {"item": "201510", "count": 13}, {"item": "201511", "count": 12}, {"item": "201512", "count": 11}, {"item": "201601", "count": 10}, {"item": "201602", "count": 9}, {"item": "201603", "count": 8}, {"item": "201604", "count": 7}, {"item": "201605", "count": 6}, {"item": "201606", "count": 5}, {"item": "201607", "count": 4}, {"item": "201608", "count": 3}, {"item": "201609", "count": 2}, {"item": "201610", "count": 1}], "smallest": "200204", "sum": "4394635582", "non_null": 21846, "null": 0, "average": "201164.3130092465"}}, {"dataTypeName": "text", "description": "", "tableColumnId": 35872266, "name": "Operating Airline", "width": 304, "fieldName": "operating_airline", "position": 2, "id": 373703289, "renderTypeName": "text", "format": {}, "cachedContents": {"largest": "Xtra Airways", "null": 0, "top": [{"item": "Air Canada", "count": 20}, {"item": "Alaska Airlines", "count": 19}, {"item": "American Airlines", "count": 18}, {"item": "Asiana Airlines", "count": 17}, {"item": "Cathay Pacific", "count": 16}, {"item": "China Airlines", "count": 15}, {"item": "Delta Air Lines", "count": 14}, {"item": "Federal Express", "count": 13}, {"item": "Korean Air Lines", "count": 12}, {"item": "Lufthansa German Airlines", "count": 11}, {"item": "Northwest Airlines", "count": 10}, {"item": "SkyWest Airlines", "count": 9}, {"item": "US Airways", "count": 8}, {"item": "United Airlines", "count": 7}, {"item": "United Airlines - Pre 07/01/2013", "count": 6}, {"item": "EVA Airways", "count": 5}, {"item": "Frontier Airlines", "count": 4}, {"item": "Southwest Airlines", "count": 3}, {"item": "Virgin America", "count": 2}, {"item": "Air France", "count": 1}], "smallest": "ABC Aerolineas S.A. de C.V. dba Interjet", "non_null": 21846}}, {"dataTypeName": "text", "description": "", "tableColumnId": 35872267, "name": "Operating Airline IATA Code", "width": 235, "fieldName": "operating_airline_iata_code", "position": 3, "id": 373703290, "renderTypeName": "text", "format": {}, "cachedContents": {"largest": "YX", "null": 84, "top": [{"item": "AC", "count": 20}, {"item": "AS", "count": 19}, {"item": "AA", "count": 18}, {"item": "OZ", "count": 17}, {"item": "CX", "count": 16}, {"item": "CI", "count": 15}, {"item": "DL", "count": 14}, {"item": "FX", "count": 13}, {"item": "KE", "count": 12}, {"item": "LH", "count": 11}, {"item": "NW", "count": 10}, {"item": "OO", "count": 9}, {"item": "US", "count": 8}, {"item": "UA", "count": 7}, {"item": "F9", "count": 6}, {"item": "BR", "count": 5}, {"item": "WN", "count": 4}, {"item": "VX", "count": 3}, {"item": "A8", "count": 2}, {"item": "TA", "count": 1}], "smallest": "2Q", "non_null": 21762}}, {"dataTypeName": "text", "description": "", "tableColumnId": 35872268, "name": "Published Airline", "width": 304, "fieldName": "published_airline", "position": 4, "id": 373703291, "renderTypeName": "text", "format": {}, "cachedContents": {"largest": "Xtra Airways", "null": 0, "top": [{"item": "Air Canada", "count": 20}, {"item": "Alaska Airlines", "count": 19}, {"item": "American Airlines", "count": 18}, {"item": "Asiana Airlines", "count": 17}, {"item": "Cathay Pacific", "count": 16}, {"item": "China Airlines", "count": 15}, {"item": "Delta Air Lines", "count": 14}, {"item": "Federal Express", "count": 13}, {"item": "Korean Air Lines", "count": 12}, {"item": "Lufthansa German Airlines", "count": 11}, {"item": "Northwest Airlines", "count": 10}, {"item": "Philippine Airlines", "count": 9}, {"item": "United Airlines - Pre 07/01/2013", "count": 8}, {"item": "US Airways", "count": 7}, {"item": "United Airlines", "count": 6}, {"item": "Air France", "count": 5}, {"item": "Frontier Airlines", "count": 4}, {"item": "EVA Airways", "count": 3}, {"item": "TACA", "count": 2}, {"item": "Southwest Airlines", "count": 1}], "smallest": "ABC Aerolineas S.A. de C.V. dba Interjet", "non_null": 21846}}, {"dataTypeName": "text", "description": "", "tableColumnId": 35872269, "name": "Published Airline IATA Code", "width": 424, "fieldName": "published_airline_iata_code", "position": 5, "id": 373703292, "renderTypeName": "text", "format": {}, "cachedContents": {"largest": "YX", "null": 84, "top": [{"item": "AC", "count": 20}, {"item": "AF", "count": 19}, {"item": "AS", "count": 18}, {"item": "AA", "count": 17}, {"item": "OZ", "count": 16}, {"item": "CX", "count": 15}, {"item": "CI", "count": 14}, {"item": "DL", "count": 13}, {"item": "BR", "count": 12}, {"item": "FX", "count": 11}, {"item": "F9", "count": 10}, {"item": "KL", "count": 9}, {"item": "KE", "count": 8}, {"item": "LH", "count": 7}, {"item": "NW", "count": 6}, {"item": "PR", "count": 5}, {"item": "UA", "count": 4}, {"item": "US", "count": 3}, {"item": "TA", "count": 2}, {"item": "WN", "count": 1}], "smallest": "2Q", "non_null": 21762}}, {"dataTypeName": "text", "description": "", "tableColumnId": 35872270, "name": "GEO Summary", "width": 232, "fieldName": "geo_summary", "position": 6, "id": 373703293, "renderTypeName": "text", "format": {}, "cachedContents": {"largest": "International", "null": 0, "top": [{"item": "Domestic", "count": 20}, {"item": "International", "count": 19}], "smallest": "Domestic", "non_null": 21846}}, {"dataTypeName": "text", "description": "", "tableColumnId": 35872271, "name": "GEO Region", "width": 220, "fieldName": "geo_region", "position": 7, "id": 373703294, "renderTypeName": "text", "format": {}, "cachedContents": {"largest": "US", "null": 0, "top": [{"item": "US", "count": 20}, {"item": "Europe", "count": 19}, {"item": "Canada", "count": 18}, {"item": "Asia", "count": 17}, {"item": "Mexico", "count": 16}, {"item": "Central America", "count": 15}, {"item": "Australia / Oceania", "count": 14}, {"item": "Middle East", "count": 13}, {"item": "South America", "count": 12}, {"item": "Caribbean", "count": 11}], "smallest": "Asia", "non_null": 21846}}, {"dataTypeName": "text", "description": "", "tableColumnId": 35872272, "name": "Landing Aircraft Type", "width": 352, "fieldName": "landing_aircraft_type", "position": 8, "id": 373703295, "renderTypeName": "text", "format": {}, "cachedContents": {"largest": "Passenger", "null": 0, "top": [{"item": "Passenger", "count": 20}, {"item": "Combi", "count": 19}, {"item": "Freighter", "count": 18}], "smallest": "Combi", "non_null": 21846}}, {"dataTypeName": "text", "description": "", "tableColumnId": 35872285, "name": "Aircraft Body Type", "width": 316, "fieldName": "aircraft_body_type", "position": 9, "id": 373703296, "renderTypeName": "text", "format": {}, "cachedContents": {"largest": "Wide Body", "null": 0, "top": [{"item": "Narrow Body", "count": 20}, {"item": "Wide Body", "count": 19}, {"item": "Regional Jet", "count": 18}, {"item": "Turbo Prop", "count": 17}], "smallest": "Narrow Body", "non_null": 21846}}, {"dataTypeName": "text", "description": "", "tableColumnId": 35872286, "name": "Aircraft Manufacturer", "width": 352, "fieldName": "aircraft_manufacturer", "position": 10, "id": 373703297, "renderTypeName": "text", "format": {}, "cachedContents": {"largest": "Swearingen", "null": 10, "top": [{"item": "Boeing", "count": 20}, {"item": "Lockheed", "count": 19}, {"item": "Airbus", "count": 18}, {"item": "McDonnell Douglas", "count": 17}, {"item": "Bombardier", "count": 16}, {"item": "Embraer", "count": 15}, {"item": "LearJet", "count": 14}, {"item": "Swearingen", "count": 13}, {"item": "Piper", "count": 12}, {"item": "BAE-Avro", "count": 11}, {"item": "Beechcraft", "count": 10}, {"item": "Fairchild", "count": 9}, {"item": "Shorts", "count": 8}, {"item": "DeHavilland", "count": 7}, {"item": "Cessna", "count": 6}], "smallest": "Airbus", "non_null": 21836}}, {"dataTypeName": "text", "description": "", "tableColumnId": 35872287, "name": "Aircraft Model", "width": 268, "fieldName": "aircraft_model", "position": 11, "id": 373703298, "renderTypeName": "text", "format": {}, "cachedContents": {"largest": "SSR-100", "null": 0, "top": [{"item": "757", "count": 20}, {"item": "777", "count": 19}, {"item": "737", "count": 18}, {"item": "767", "count": 17}, {"item": "A319", "count": 16}, {"item": "A320", "count": 15}, {"item": "747", "count": 14}, {"item": "MD-80", "count": 13}, {"item": "A340", "count": 12}, {"item": "MD-11", "count": 11}, {"item": "DC-10", "count": 10}, {"item": "CRJ", "count": 9}, {"item": "ERJ", "count": 8}, {"item": "A321", "count": 7}, {"item": "A330", "count": 6}, {"item": "CL600", "count": 5}, {"item": "B738", "count": 4}, {"item": "B744", "count": 3}, {"item": "B773", "count": 2}, {"item": "B772", "count": 1}], "smallest": "1900C", "non_null": 21846}}, {"dataTypeName": "text", "description": "", "tableColumnId": 35872288, "name": "Aircraft Version", "width": 292, "fieldName": "aircraft_version", "position": 12, "id": 373703299, "renderTypeName": "text", "format": {"noCommas": "false", "align": "right", "precisionStyle": "standard"}, "cachedContents": {"largest": "W", "null": 1215, "top": [{"item": "200", "count": 20}, {"item": "300", "count": 19}, {"item": "114", "count": 18}, {"item": "211", "count": 17}, {"item": "400", "count": 16}, {"item": "700", "count": 15}, {"item": "900", "count": 14}, {"item": "200ER", "count": 13}, {"item": "300ER", "count": 12}, {"item": "800", "count": 11}, {"item": "30", "count": 10}, {"item": "600", "count": 9}, {"item": "500", "count": 8}, {"item": "322", "count": 7}, {"item": "422", "count": 6}, {"item": "222B", "count": 5}, {"item": "131", "count": 4}, {"item": "232", "count": 3}, {"item": "120", "count": 2}, {"item": "190", "count": 1}], "smallest": "-", "non_null": 20631}}, {"dataTypeName": "number", "description": "", "tableColumnId": 35872289, "name": "Landing Count", "width": 256, "fieldName": "landing_count", "position": 13, "id": 373703300, "renderTypeName": "number", "format": {}, "cachedContents": {"largest": "2245", "top": [{"item": "1", "count": 20}, {"item": "30", "count": 19}, {"item": "31", "count": 18}, {"item": "4", "count": 17}, {"item": "2", "count": 16}, {"item": "3", "count": 15}, {"item": "28", "count": 14}, {"item": "29", "count": 13}, {"item": "5", "count": 12}, {"item": "13", "count": 11}, {"item": "26", "count": 10}, {"item": "6", "count": 9}, {"item": "25", "count": 8}, {"item": "11", "count": 7}, {"item": "18", "count": 6}, {"item": "8", "count": 5}, {"item": "17", "count": 4}, {"item": "41", "count": 3}, {"item": "12", "count": 2}, {"item": "151", "count": 1}], "smallest": "1", "sum": "2468799", "non_null": 21846, "null": 0, "average": "113.0092007690195"}}, {"dataTypeName": "number", "description": "", "tableColumnId": 35872290, "name": "Total Landed Weight", "width": 328, "fieldName": "total_landed_weight", "position": 14, "id": 373703301, "renderTypeName": "number", "format": {}, "cachedContents": {"largest": "273042000", "top": [{"item": "17174000", "count": 20}, {"item": "16620000", "count": 19}, {"item": "8740000", "count": 18}, {"item": "1275000", "count": 17}, {"item": "64175000", "count": 16}, {"item": "12750000", "count": 15}, {"item": "25500000", "count": 14}, {"item": "4814892", "count": 13}, {"item": "412264", "count": 12}, {"item": "17129910", "count": 11}, {"item": "2628351", "count": 10}, {"item": "12235650", "count": 9}, {"item": "361500", "count": 8}, {"item": "9173200", "count": 7}, {"item": "2340800", "count": 6}, {"item": "1604964", "count": 5}], "smallest": "6850", "sum": "412880756979", "non_null": 21846, "null": 0, "average": "18899604.36597089"}}], "grants": [{"type": "viewer", "flags": ["public"], "inherited": false}], "category": "Transportation", "createdAt": 1461632977, "tags": ["landings", "airlines", "airport", "flights", "sfo"], "averageRating": 0, "description": "San Francisco International Airport data on Landings Statistics. Airport data is seasonal in nature, therefore any comparative analyses should be done on a period-over-period basis (i.e. January 2010 vs. January 2009) as opposed to period-to-period (i.e. January 2010 vs. February 2010). It is also important to note that fact and attribute field relationships are not always 1-to-1. For example, Aircraft Landings belonging to United Airlines will appear in multiple attribute fields and are additive, which provides flexibility for the user to derive categorical Aircraft Landings Statistics as desired.", "displayType": "table", "publicationDate": 1536166056, "viewLastModified": 1536166056, "tableId": 15494868, "hideFromDataJson": false, "name": "Air Traffic Landings Statistics", "tableAuthor": {"type": "interactive", "screenName": "OpenData", "displayName": "OpenData", "id": "dbag-6qd9"}, "rowsUpdatedAt": 1536166055, "provenance": "official", "metadata": {"availableDisplayTypes": ["table", "fatrow", "page"], "custom_fields": {"Publishing Details": {"Data change frequency": "Daily", "Publishing frequency": "Quarterly"}, "Detailed Descriptive": {"Geographic unit": "Not applicable", "Program link": "http://www.flysfo.com/media/facts-statistics/air-traffic-statistics"}, "Department Metrics": {"Publishing Department": "Airport (SFO)"}}, "renderTypeConfig": {"visible": {"table": true}}, "attachments": [{"assetId": "5ffca03d-93c3-4d05-b4ba-77d4805e4501", "name": "Landings_9 (2).zip", "filename": "Landings_9 (2).zip"}, {"assetId": "ae29d39f-64b2-49a2-a06e-6b3ab643a331", "name": "DataSF Data Dictionary for Air Traffic LANDINGS Statistics.pdf", "filename": "DataSF Data Dictionary for Air Traffic LANDINGS Statistics.pdf"}], "rowLabel": "Landing", "rdfSubject": "0", "jsonQuery": {"order": [{"ascending": false, "columnFieldName": "activity_period"}]}}, "owner": {"type": "interactive", "screenName": "OpenData", "displayName": "OpenData", "id": "dbag-6qd9"}, "downloadCount": 3361, "viewCount": 2813, "oid": 29631805, "viewType": "tabular", "rights": ["read"], "numberOfComments": 0, "hideFromCatalog": false, "license": {"termsLink": "http://opendatacommons.org/licenses/pddl/1.0/", "name": "Open Data Commons Public Domain Dedication and License"}, "publicationGroup": 10284420, "id": "fpux-q53t", "licenseId": "PDDL", "rowsUpdatedBy": "uhf4-w96n", "query": {"orderBys": [{"ascending": false, "expression": {"type": "column", "columnId": 373703288}}]}, "publicationAppendEnabled": false, "totalTimesRated": 0, "flags": ["default", "restorable", "restorePossibleForType"], "disabledFeatureFlags": ["allow_comments"], "publicationStage": "published"}