{"newBackend": false, "indexUpdatedAt": 1538442679, "columns": [{"dataTypeName": "number", "description": "", "tableColumnId": 35773473, "name": "Activity Period", "width": 280, "fieldName": "activity_period", "position": 1, "id": 377171390, "renderTypeName": "number", "format": {"noCommas": "true", "align": "right", "precisionStyle": "standard"}}, {"dataTypeName": "text", "description": "", "tableColumnId": 35773474, "name": "Operating Airline", "width": 304, "fieldName": "operating_airline", "position": 2, "id": 377171391, "renderTypeName": "text", "format": {}}, {"dataTypeName": "text", "description": "", "tableColumnId": 35773475, "name": "Operating Airline IATA Code", "width": 424, "fieldName": "operating_airline_iata_code", "position": 3, "id": 377171392, "renderTypeName": "text", "format": {}}, {"dataTypeName": "text", "description": "", "tableColumnId": 35773476, "name": "Published Airline", "width": 304, "fieldName": "published_airline", "position": 4, "id": 377171393, "renderTypeName": "text", "format": {}}, {"dataTypeName": "text", "description": "", "tableColumnId": 35773477, "name": "Published Airline IATA Code", "width": 424, "fieldName": "published_airline_iata_code", "position": 5, "id": 377171394, "renderTypeName": "text", "format": {}}, {"dataTypeName": "text", "description": "", "tableColumnId": 35773478, "name": "GEO Summary", "width": 232, "fieldName": "geo_summary", "position": 6, "id": 377171395, "renderTypeName": "text", "format": {}}, {"dataTypeName": "text", "description": "", "tableColumnId": 35773479, "name": "GEO Region", "width": 220, "fieldName": "geo_region", "position": 7, "id": 377171396, "renderTypeName": "text", "format": {}}, {"dataTypeName": "text", "description": "", "tableColumnId": 35773480, "name": "Activity Type Code", "width": 316, "fieldName": "activity_type_code", "position": 8, "id": 377171397, "renderTypeName": "text", "format": {}}, {"dataTypeName": "text", "description": "", "tableColumnId": 35773481, "name": "Price Category Code", "width": 328, "fieldName": "price_category_code", "position": 9, "id": 377171398, "renderTypeName": "text", "format": {}}, {"dataTypeName": "text", "description": "", "tableColumnId": 35773482, "name": "Terminal", "width": 196, "fieldName": "terminal", "position": 10, "id": 377171399, "renderTypeName": "text", "format": {}}, {"dataTypeName": "text", "description": "", "tableColumnId": 35773483, "name": "Boarding Area", "width": 256, "fieldName": "boarding_area", "position": 11, "id": 377171400, "renderTypeName": "text", "format": {}}, {"dataTypeName": "number", "description": "", "tableColumnId": 35773484, "name": "Passenger Count", "width": 280, "fieldName": "passenger_count", "position": 12, "id": 377171401, "renderTypeName": "number", "format": {}}], "grants": [{"type": "viewer", "flags": ["public"], "inherited": false}], "category": "Transportation", "createdAt": 1461109883, "tags": ["passengers", "airport", "travel"], "averageRating": 0, "description": "San Francisco International Airport Report on Monthly Passenger Traffic Statistics by Airline. Airport data is seasonal in nature, therefore any comparative analyses should be done on a period-over-period basis (i.e. January 2010 vs. January 2009) as opposed to period-to-period (i.e. January 2010 vs. February 2010). It is also important to note that fact and attribute field relationships are not always 1-to-1. For example, Passenger Counts belonging to United Airlines will appear in multiple attribute fields and are additive, which provides flexibility for the user to derive categorical Passenger Counts as desired.", "displayType": "table", "publicationDate": 1538442644, "viewLastModified": 1538442644, "tableId": 15554632, "hideFromDataJson": false, "name": "Air Traffic Passenger Statistics", "tableAuthor": {"type": "interactive", "screenName": "OpenData", "displayName": "OpenData", "id": "dbag-6qd9"}, "rowsUpdatedAt": 1538442638, "provenance": "official", "metadata": {"availableDisplayTypes": ["table", "fatrow", "page"], "custom_fields": {"Publishing Details": {"Data change frequency": "Daily", "Publishing frequency": "Quarterly"}, "Detailed Descriptive": {"Geographic unit": "City"}, "Department Metrics": {"Publishing Department": "Airport (SFO)"}}, "renderTypeConfig": {"visible": {"table": true}}, "attachments": [{"assetId": "30489964-1207-4ee7-802c-e9069504b8eb", "name": "DataSF Data Dictionary for Air Traffic Passenger Statistics.pdf", "filename": "DataSF Data Dictionary for Air Traffic Passenger Statistics.pdf"}], "rowLabel": "Airline Passengers", "rdfSubject": "0", "jsonQuery": {"order": [{"ascending": false, "columnFieldName": "activity_period"}]}}, "owner": {"type": "interactive", "screenName": "OpenData", "displayName": "OpenData", "id": "dbag-6qd9"}, "downloadCount": 9870, "viewCount": 7420, "oid": 29813481, "viewType": "tabular", "rights": ["read"], "numberOfComments": 0, "hideFromCatalog": false, "license": {"termsLink": "http://opendatacommons.org/licenses/pddl/1.0/", "name": "Open Data Commons Public Domain Dedication and License"}, "publicationGroup": 10096280, "id": "rkru-6vcg", "licenseId": "PDDL", "rowsUpdatedBy": "uhf4-w96n", "query": {"orderBys": [{"ascending": false, "expression": {"type": "column", "columnId": 377171390}}]}, "publicationAppendEnabled": false, "totalTimesRated": 0, "flags": ["default", "restorable", "restorePossibleForType"], "disabledFeatureFlags": ["allow_comments"], "publicationStage": "published"}